<?xml version='1.0' encoding='utf-8' standalone='yes' ?>
<map>
    <boolean name="IME_OEM_ANDROID_noti_oem_h5_all_less5789_total_0125_news_vi_already_parse" value="true" />
    <long name="IME_OEM_ANDROID_noti_oem_h5_all_less5789_total_0122_game_night_vi_fot" value="1720870243564" />
    <long name="IME_OEM_ANDROID_noti_oem_h5_all_more5789_0609_vi_lpt" value="1725097371187" />
    <long name="IME_OEM_ANDROID_noti_oem_h5_all_less5789_total_0428_iq_default_fot" value="1720852740652" />
    <boolean name="IME_OEM_ANDROID_oem_wenzi_h5_id_less6266_0812_default_is_shown" value="true" />
    <boolean name="IME_OEM_ANDROID_noti_oem_h5_all_more5789_0831_vi_is_shown" value="false" />
    <int name="IME_OEM_ANDROID_oem_wenzi_h5_id_less6266_0812_default_apt" value="134" />
    <boolean name="IME_OEM_ANDROID_oem_wenzi_h5_id_less6266_0305_default_already_parse" value="true" />
    <long name="IME_OEM_ANDROID_noti_oem_h5_all_less5789_total_0428_iq_default_lpt" value="1720852983010" />
    <int name="IME_OEM_ANDROID_oem_wenzi_h5_id_less6266_0831_default_apt" value="43" />
    <string name="IME_OEM_ANDROID_oem_icon_h5_global_0830_default_image_url">http://usa.ime.cdn.cootekservice.com/TouchPal/touchpal/pic002/default/game.png</string>
    <long name="IME_OEM_ANDROID_oem_wenzi_h5_id_less6266_0902_default_lpt" value="1725433093721" />
    <long name="IME_OEM_ANDROID_noti_oem_h5_all_more5789_0609_default_fot" value="1720852740805" />
    <int name="IME_OEM_ANDROID_noti_oem_h5_all_total_0112_vi_apt" value="52" />
    <int name="IME_OEM_ANDROID_oem_wenzi_h5_id_less6266_0305_default_clear_type" value="10" />
    <boolean name="IME_OEM_ANDROID_oem_icon_h5_id_more6265_0605_default_already_parse" value="true" />
    <long name="IME_OEM_ANDROID_oem_wenzi_h5__less6266_0116_news_vi_lpt" value="1725426947216" />
    <long name="IME_OEM_ANDROID_noti_oem_h5_all_total_0112_vi_lpt" value="1725423436694" />
    <string name="IME_OEM_ANDROID_noti_oem_h5_all_more5789_0609_vi_image_url">http://usa.ime.cdn.cootekservice.com/TouchPal/touchpal/pic002/default/iq.png</string>
    <string name="IME_OEM_ANDROID_oem_icon_h5_id_more6265_0605_default_image_path">/data/user/0/com.emoji.keyboard.touchpal/files/ndownloads/IME_OEM_ANDROID_oem_icon_h5_id_more6265_0605_default.png</string>
    <boolean name="IME_OEM_ANDROID_oem_wenzi_h5_id_less6266_0812_default_is_clicked" value="true" />
    <long name="IME_OEM_ANDROID_oem_wenzi_h5_id_less6266_0605_default_lpt" value="1720852740727" />
    <string name="IME_OEM_ANDROID_noti_oem_h5_all_less5789_total_0125_news_vi_image_url">http://usa.ime.cdn.cootekservice.com/TouchPal/pic001/default/tv.png</string>
    <long name="IME_ONLINE_00000U_lpt" value="1546318906266" />
    <boolean name="IME_OEM_ANDROID_oem_wenzi_h5_id_less6266_0605_default_already_parse" value="true" />
    <long name="IME_ONLINE_00000U_fot" value="1546318906294" />
    <boolean name="IME_OEM_ANDROID_noti_oem_h5_all_less5789_total_0428_iq_vi_already_parse" value="true" />
    <string name="IME_OEM_ANDROID_oem_icon_h5_id_more6265_0605_default_image_url">http://usa.ime.cdn.cootekservice.com/TouchPal/touchpal/pic002/default/msg.png</string>
    <boolean name="IME_OEM_ANDROID_noti_oem_h5_all_more5789_0609_vi_already_parse" value="true" />
    <int name="IME_OEM_ANDROID_oem_wenzi_h5_id_less6266_0902_default_clear_type" value="10" />
    <string name="IME_OEM_ANDROID_noti_oem_h5_all_total_0112_default_image_url">http://usa.ime.cdn.cootekservice.com/TouchPal/pic001/newsicon/default/news.png</string>
    <long name="IME_OEM_ANDROID_oem_wenzi_h5__less6266_0116_news_vi_lct" value="1725401231685" />
    <boolean name="IME_OEM_ANDROID_noti_oem_h5_all_total_0112_vi_is_shown" value="true" />
    <string name="IME_OEM_ANDROID_noti_oem_h5_all_less5789_total_0125_news_default_image_path">/data/user/0/com.emoji.keyboard.touchpal/files/ndownloads/IME_OEM_ANDROID_noti_oem_h5_all_less5789_total_0125_news_default.png</string>
    <int name="IME_OEM_ANDROID_noti_oem_h5_all_more5789_0831_vi_apt" value="3" />
    <long name="IME_OEM_ANDROID_noti_oem_h5_all_less5789_total_0125_news_vi_lpt" value="1725328853087" />
    <boolean name="IME_OEM_ANDROID_oem_wenzi_h5__less6266_0116_news_default_already_parse" value="true" />
    <boolean name="IME_OEM_ANDROID_oem_wenzi_h5_id_less6266_0902_default_is_clicked" value="true" />
    <boolean name="IME_OEM_ANDROID_oem_icon_h5_id_more6265_0831_default_already_parse" value="true" />
    <long name="IME_OEM_ANDROID_oem_wenzi_h5__less6266_0116_news_default_lpt" value="1720852740695" />
    <long name="IME_OEM_ANDROID_oem_wenzi_h5__less6266_0116_news_default_fot" value="1720852740701" />
    <boolean name="IME_OEM_ANDROID_oem_icon_h5_global_0830_default_already_parse" value="true" />
    <long name="IME_OEM_ANDROID_oem_wenzi_h5_id_less6266_0812_default_lct" value="1724245260785" />
    <long name="IME_OEM_ANDROID_oem_wenzi_h5_id_less6266_0830_default_fot" value="1725007525232" />
    <long name="IME_OEM_ANDROID_oem_wenzi_h5_id_less6266_0831_default_lct" value="1725411568892" />
    <long name="IME_OEM_ANDROID_oem_wenzi_h5_id_less6266_0902_default_lct" value="1725431473377" />
    <boolean name="IME_OEM_ANDROID_noti_oem_h5_all_less5789_total_0428_iq_vi_is_shown" value="true" />
    <boolean name="IME_OEM_ANDROID_oem_icon_h5_global__0305_default_already_parse" value="true" />
    <int name="IME_OEM_ANDROID_noti_oem_h5_all_less5789_total_0428_iq_vi_clear_type" value="10" />
    <long name="IME_OEM_ANDROID_noti_oem_h5_all_less5789_total_0125_news_vi_fot" value="1720870243528" />
    <long name="IME_OEM_ANDROID_oem_wenzi_h5_id_less6266_0830_default_lct" value="1725028068715" />
    <int name="IME_OEM_ANDROID_noti_oem_h5_all_total_0112_vi_clear_type" value="10" />
    <long name="IME_OEM_ANDROID_noti_oem_h5_all_total_0112_vi_fot" value="1720870243931" />
    <long name="IME_OEM_ANDROID_oem_wenzi_h5_id_less6266_0425_default_lpt" value="1724974166549" />
    <int name="IME_OEM_ANDROID_oem_wenzi_h5__less6266_0116_news_vi_clear_type" value="10" />
    <long name="IME_OEM_ANDROID_oem_icon_h5_id_more6265_0605_default_lpt" value="1720852740785" />
    <boolean name="IME_OEM_ANDROID_oem_wenzi_h5_id_less6266_0831_default_already_parse" value="true" />
    <string name="IME_OEM_ANDROID_noti_oem_h5_all_more5789_0609_vi_image_path">/data/user/0/com.emoji.keyboard.touchpal/files/ndownloads/IME_OEM_ANDROID_noti_oem_h5_all_more5789_0609_vi.png</string>
    <int name="IME_OEM_ANDROID_oem_wenzi_h5_id_less6266_0425_default_clear_type" value="10" />
    <string name="IME_OEM_ANDROID_noti_oem_h5_all_less5789_total_0122_game_night_vi_image_url">http://usa.ime.cdn.cootekservice.com/TouchPal/touchpal/pic002/default/game07.png</string>
    <long name="IME_OEM_ANDROID_noti_oem_h5_all_less5789_total_0428_iq_vi_fot" value="1720870243990" />
    <long name="IME_OEM_ANDROID_oem_icon_h5_id_more6265_0205_default_lpt" value="1720852740661" />
    <long name="IME_OEM_ANDROID_oem_wenzi_h5_id_less6266_0305_default_fot" value="1720852740750" />
    <boolean name="strategy_already_parse" value="true" />
    <long name="IME_OEM_ANDROID_oem_wenzi_h5_id_less6266_1228_231208_default_lpt" value="1720853439035" />
    <long name="IME_OEM_ANDROID_oem_icon_h5_id_more6265_0831_default_fot" value="1725117520228" />
    <string name="IME_OEM_ANDROID_noti_oem_h5_all_more5789_0831_vi_image_path">/storage/emulated/0/Android/data/com.emoji.keyboard.touchpal/cache/IME_OEM_ANDROID_noti_oem_h5_all_more5789_0831_vi.png</string>
    <long name="IME_OEM_ANDROID_noti_oem_h5_all_less5789_total_0122_game_night_vi_lpt" value="1725376785634" />
    <int name="IME_OEM_ANDROID_noti_oem_h5_all_more5789_0609_vi_clear_type" value="10" />
    <long name="IME_OEM_ANDROID_noti_oem_h5_all_more5789_0609_default_lpt" value="1720852740798" />
    <string name="IME_OEM_ANDROID_noti_oem_h5_all_less5789_total_0428_iq_vi_image_path">/data/user/0/com.emoji.keyboard.touchpal/files/ndownloads/IME_OEM_ANDROID_noti_oem_h5_all_less5789_total_0428_iq_vi.png</string>
    <boolean name="IME_OEM_ANDROID_noti_oem_h5_all_less5789_total_0122_game_night_vi_is_shown" value="true" />
    <boolean name="IME_OEM_ANDROID_oem_wenzi_h5_id_less6266_0425_default_is_shown" value="true" />
    <boolean name="IME_OEM_ANDROID_oem_wenzi_h5_id_less6266_0812_default_already_parse" value="true" />
    <string name="IME_OEM_ANDROID_oem_icon_h5_global_0830_default_image_path">/storage/emulated/0/Android/data/com.emoji.keyboard.touchpal/cache/IME_OEM_ANDROID_oem_icon_h5_global_0830_default.png</string>
    <int name="IME_OEM_ANDROID_oem_wenzi_h5_id_less6266_1228_231208_default_apt" value="1" />
    <string name="IME_OEM_ANDROID_noti_oem_h5_all_less5789_total_0428_iq_default_image_path">/data/user/0/com.emoji.keyboard.touchpal/files/ndownloads/IME_OEM_ANDROID_noti_oem_h5_all_less5789_total_0428_iq_default.png</string>
    <int name="IME_OEM_ANDROID_oem_wenzi_h5__less6266_0116_news_vi_apt" value="355" />
    <int name="IME_OEM_ANDROID_noti_oem_h5_all_less5789_total_0122_game_night_vi_apt" value="49" />
    <int name="IME_OEM_ANDROID_noti_oem_h5_all_less5789_total_0428_iq_default_apt" value="1" />
    <long name="IME_OEM_ANDROID_oem_wenzi_h5_id_less6266_0305_default_lpt" value="1723441145767" />
    <long name="IME_OEM_ANDROID_oem_wenzi_h5_id_less6266_0425_default_fot" value="1720852740778" />
    <string name="IME_OEM_ANDROID_noti_oem_h5_all_less5789_total_0125_news_vi_image_path">/data/user/0/com.emoji.keyboard.touchpal/files/ndownloads/IME_OEM_ANDROID_noti_oem_h5_all_less5789_total_0125_news_vi.png</string>
    <boolean name="IME_OEM_ANDROID_oem_wenzi_h5_id_less6266_0902_default_already_parse" value="true" />
    <boolean name="IME_OEM_ANDROID_oem_wenzi_h5__less6266_0116_news_vi_is_clicked" value="true" />
    <long name="IME_OEM_ANDROID_oem_icon_h5_global_0830_default_lpt" value="1725037637583" />
    <long name="IME_OEM_ANDROID_oem_wenzi_h5_id_less6266_0830_default_lpt" value="1725043965156" />
    <boolean name="IME_OEM_ANDROID_oem_wenzi_h5_id_less6266_0902_default_is_shown" value="true" />
    <long name="IME_OEM_ANDROID_oem_wenzi_h5_id_less6266_0831_default_fot" value="1725075798353" />
    <long name="IME_OEM_ANDROID_oem_wenzi_h5_id_less6266_0605_default_fot" value="1720852740733" />
    <boolean name="IME_OEM_ANDROID_oem_wenzi_h5_id_less6266_0830_default_is_clicked" value="true" />
    <boolean name="IME_OEM_ANDROID_noti_oem_h5_all_more5789_0609_default_already_parse" value="true" />
    <string name="IME_OEM_ANDROID_noti_oem_h5_all_less5789_total_0122_game_night_default_image_path">/data/user/0/com.emoji.keyboard.touchpal/files/ndownloads/IME_OEM_ANDROID_noti_oem_h5_all_less5789_total_0122_game_night_default.png</string>
    <long name="IME_OEM_ANDROID_noti_oem_h5_all_less5789_total_0122_game_night_default_lpt" value="1720852740629" />
    <int name="IME_OEM_ANDROID_oem_wenzi_h5_id_less6266_0830_default_apt" value="10" />
    <boolean name="IME_OEM_ANDROID_noti_oem_h5_all_less5789_total_0125_news_default_already_parse" value="true" />
    <long name="IME_OEM_ANDROID_oem_wenzi_h5_id_less6266_0425_default_lct" value="1724579605874" />
    <long name="strategy_fot" value="1546318906197" />
    <boolean name="IME_OEM_ANDROID_noti_oem_h5_all_total_0112_vi_already_parse" value="true" />
    <int name="IME_OEM_ANDROID_oem_wenzi_h5_id_less6266_0425_default_apt" value="290" />
    <long name="IME_OEM_ANDROID_noti_oem_h5_all_more5789_0831_vi_fot" value="1725117520238" />
    <boolean name="IME_OEM_ANDROID_noti_oem_h5_all_less5789_total_0122_game_night_default_already_parse" value="true" />
    <boolean name="IME_OEM_ANDROID_noti_oem_h5_all_less5789_total_0428_iq_default_already_parse" value="true" />
    <long name="IME_OEM_ANDROID_oem_wenzi_h5_id_less6266_0305_default_lct" value="1723418812100" />
    <int name="IME_OEM_ANDROID_oem_wenzi_h5_id_less6266_0812_default_clear_type" value="10" />
    <long name="IME_OEM_ANDROID_oem_icon_h5_id_more6265_0205_default_fot" value="1720852740667" />
    <string name="IME_OEM_ANDROID_oem_icon_h5_id_more6265_0831_default_image_url">http://usa.ime.cdn.cootekservice.com/TouchPal/touchpal/pic002/default/msg.png</string>
    <string name="IME_OEM_ANDROID_noti_oem_h5_all_less5789_total_0122_game_night_vi_image_path">/data/user/0/com.emoji.keyboard.touchpal/files/ndownloads/IME_OEM_ANDROID_noti_oem_h5_all_less5789_total_0122_game_night_vi.png</string>
    <boolean name="IME_OEM_ANDROID_noti_oem_h5_all_less5789_total_0125_news_vi_is_shown" value="false" />
    <long name="IME_OEM_ANDROID_oem_icon_h5_id_more6265_0605_default_fot" value="1720852740791" />
    <boolean name="IME_OEM_ANDROID_oem_wenzi_h5__less6266_0116_news_vi_already_parse" value="true" />
    <string name="IME_OEM_ANDROID_noti_oem_h5_all_less5789_total_0125_news_default_image_url">http://usa.ime.cdn.cootekservice.com/TouchPal/pic001/default/tv.png</string>
    <string name="IME_OEM_ANDROID_oem_icon_h5_id_more6265_0831_default_image_path">/storage/emulated/0/Android/data/com.emoji.keyboard.touchpal/cache/IME_OEM_ANDROID_oem_icon_h5_id_more6265_0831_default.png</string>
    <long name="IME_OEM_ANDROID_noti_oem_h5_all_total_0112_default_fot" value="1720852740620" />
    <boolean name="IME_OEM_ANDROID_oem_wenzi_h5_id_less6266_0305_default_is_shown" value="true" />
    <long name="IME_OEM_ANDROID_oem_icon_h5_global__0305_default_lpt" value="1720852740679" />
    <boolean name="IME_OEM_ANDROID_oem_wenzi_h5_id_less6266_1228_231208_default_already_parse" value="true" />
    <int name="IME_OEM_ANDROID_noti_oem_h5_all_total_0112_default_apt" value="1" />
    <string name="IME_OEM_ANDROID_noti_oem_h5_all_less5789_total_0122_game_night_default_image_url">http://usa.ime.cdn.cootekservice.com/TouchPal/touchpal/pic002/default/game07.png</string>
    <boolean name="IME_OEM_ANDROID_oem_wenzi_h5_id_less6266_0425_default_is_clicked" value="true" />
    <long name="IME_OEM_ANDROID_oem_icon_h5_global_0830_default_fot" value="1725037637591" />
    <string name="IME_OEM_ANDROID_noti_oem_h5_all_total_0112_vi_image_path">/data/user/0/com.emoji.keyboard.touchpal/files/ndownloads/IME_OEM_ANDROID_noti_oem_h5_all_total_0112_vi.png</string>
    <int name="IME_OEM_ANDROID_oem_wenzi_h5_id_less6266_0831_default_clear_type" value="10" />
    <long name="IME_OEM_ANDROID_noti_oem_h5_all_more5789_0831_vi_lpt" value="1725356283042" />
    <boolean name="IME_OEM_ANDROID_oem_wenzi_h5_id_less6266_1228_231208_default_is_shown" value="true" />
    <string name="IME_OEM_ANDROID_noti_oem_h5_all_more5789_0609_default_image_path">/data/user/0/com.emoji.keyboard.touchpal/files/ndownloads/IME_OEM_ANDROID_noti_oem_h5_all_more5789_0609_default.png</string>
    <boolean name="IME_OEM_ANDROID_oem_wenzi_h5_id_less6266_0830_default_already_parse" value="true" />
    <boolean name="IME_OEM_ANDROID_oem_wenzi_h5__less6266_0116_news_vi_is_shown" value="true" />
    <int name="IME_OEM_ANDROID_noti_oem_h5_all_less5789_total_0125_news_vi_clear_type" value="10" />
    <string name="IME_OEM_ANDROID_oem_icon_h5_global__0305_default_image_url">http://usa.ime.cdn.cootekservice.com/TouchPal/touchpal/pic002/default/game.png</string>
    <long name="IME_OEM_ANDROID_oem_wenzi_h5_id_less6266_0831_default_lpt" value="1725411659164" />
    <long name="IME_OEM_ANDROID_noti_oem_h5_all_more5789_0609_vi_fot" value="1720870243477" />
    <boolean name="IME_ONLINE_PIN_SKIN_Allversion_already_parse" value="true" />
    <long name="strategy_lpt" value="1546318906184" />
    <long name="IME_ONLINE_PIN_SKIN_Allversion_lpt" value="1720852740710" />
    <string name="IME_OEM_ANDROID_noti_oem_h5_all_less5789_total_0428_iq_default_image_url">http://usa.ime.cdn.cootekservice.com/TouchPal/touchpal/pic002/default/iq.png</string>
    <boolean name="IME_OEM_ANDROID_oem_wenzi_h5_id_less6266_0425_default_already_parse" value="true" />
    <boolean name="IME_OEM_ANDROID_noti_oem_h5_all_more5789_0831_vi_already_parse" value="true" />
    <boolean name="IME_OEM_ANDROID_noti_oem_h5_all_total_0112_default_already_parse" value="true" />
    <long name="IME_OEM_ANDROID_noti_oem_h5_all_less5789_total_0122_game_night_default_fot" value="1720852740635" />
    <string name="IME_OEM_ANDROID_noti_oem_h5_all_total_0112_default_image_path">/data/user/0/com.emoji.keyboard.touchpal/files/ndownloads/IME_OEM_ANDROID_noti_oem_h5_all_total_0112_default.png</string>
    <long name="IME_OEM_ANDROID_noti_oem_h5_all_less5789_total_0125_news_default_fot" value="1720852740764" />
    <boolean name="IME_OEM_ANDROID_noti_oem_h5_all_more5789_0609_vi_is_shown" value="true" />
    <long name="IME_OEM_ANDROID_noti_oem_h5_all_total_0112_default_lpt" value="1720852742171" />
    <string name="IME_OEM_ANDROID_oem_icon_h5_global__0305_default_image_path">/data/user/0/com.emoji.keyboard.touchpal/files/ndownloads/IME_OEM_ANDROID_oem_icon_h5_global__0305_default.png</string>
    <long name="IME_OEM_ANDROID_oem_icon_h5_global__0305_default_fot" value="1720852740687" />
    <string name="IME_OEM_ANDROID_noti_oem_h5_all_more5789_0831_vi_image_url">http://usa.ime.cdn.cootekservice.com/TouchPal/touchpal/pic002/default/iq.png</string>
    <int name="IME_OEM_ANDROID_noti_oem_h5_all_less5789_total_0428_iq_vi_apt" value="47" />
    <boolean name="IME_ONLINE_00000U_already_parse" value="true" />
    <long name="IME_OEM_ANDROID_oem_wenzi_h5_id_less6266_0812_default_lpt" value="1725242537320" />
    <int name="IME_OEM_ANDROID_noti_oem_h5_all_less5789_total_0125_news_vi_apt" value="43" />
    <int name="IME_OEM_ANDROID_noti_oem_h5_all_more5789_0609_vi_apt" value="47" />
    <int name="IME_OEM_ANDROID_oem_wenzi_h5_id_less6266_0305_default_apt" value="172" />
    <long name="IME_OEM_ANDROID_noti_oem_h5_all_less5789_total_0125_news_default_lpt" value="1720852740758" />
    <boolean name="IME_OEM_ANDROID_oem_wenzi_h5_id_less6266_0831_default_is_shown" value="true" />
    <long name="IME_ONLINE_PIN_SKIN_Allversion_fot" value="1720852740718" />
    <string name="IME_OEM_ANDROID_noti_oem_h5_all_more5789_0609_default_image_url">http://usa.ime.cdn.cootekservice.com/TouchPal/touchpal/pic002/default/iq.png</string>
    <boolean name="IME_OEM_ANDROID_oem_wenzi_h5_id_less6266_0831_default_is_clicked" value="true" />
    <string name="IME_OEM_ANDROID_noti_oem_h5_all_less5789_total_0428_iq_vi_image_url">http://usa.ime.cdn.cootekservice.com/TouchPal/touchpal/pic002/default/iq.png</string>
    <long name="IME_OEM_ANDROID_oem_icon_h5_id_more6265_0831_default_lpt" value="1725117520220" />
    <long name="IME_OEM_ANDROID_noti_oem_h5_all_less5789_total_0428_iq_vi_lpt" value="1725426341625" />
    <int name="IME_OEM_ANDROID_oem_wenzi_h5_id_less6266_0902_default_apt" value="71" />
    <boolean name="IME_OEM_ANDROID_oem_wenzi_h5_id_less6266_0305_default_is_clicked" value="true" />
    <long name="IME_OEM_ANDROID_oem_wenzi_h5_id_less6266_0812_default_fot" value="1723463976645" />
    <int name="IME_OEM_ANDROID_oem_wenzi_h5_id_less6266_0830_default_clear_type" value="10" />
    <string name="IME_OEM_ANDROID_noti_oem_h5_all_total_0112_vi_image_url">http://usa.ime.cdn.cootekservice.com/TouchPal/pic001/newsicon/default/news.png</string>
    <boolean name="IME_OEM_ANDROID_noti_oem_h5_all_less5789_total_0428_iq_default_is_shown" value="true" />
    <string name="IME_OEM_ANDROID_oem_icon_h5_id_more6265_0205_default_image_path">/data/user/0/com.emoji.keyboard.touchpal/files/ndownloads/IME_OEM_ANDROID_oem_icon_h5_id_more6265_0205_default.png</string>
    <int name="IME_OEM_ANDROID_noti_oem_h5_all_more5789_0831_vi_clear_type" value="10" />
    <boolean name="IME_OEM_ANDROID_oem_icon_h5_id_more6265_0205_default_already_parse" value="true" />
    <boolean name="IME_OEM_ANDROID_noti_oem_h5_all_total_0112_default_is_shown" value="true" />
    <boolean name="IME_OEM_ANDROID_oem_wenzi_h5_id_less6266_0830_default_is_shown" value="true" />
    <string name="IME_OEM_ANDROID_oem_icon_h5_id_more6265_0205_default_image_url">http://usa.ime.cdn.cootekservice.com/TouchPal/touchpal/pic002/default/msg.png</string>
    <boolean name="IME_OEM_ANDROID_noti_oem_h5_all_less5789_total_0122_game_night_vi_already_parse" value="true" />
    <long name="IME_OEM_ANDROID_oem_wenzi_h5_id_less6266_0902_default_fot" value="1725264521739" />
    <long name="IME_OEM_ANDROID_oem_wenzi_h5__less6266_0116_news_vi_fot" value="1720870244012" />
    <long name="IME_OEM_ANDROID_oem_wenzi_h5_id_less6266_1228_231208_default_fot" value="1720852740603" />
</map>