<?xml version='1.0' encoding='utf-8' standalone='yes' ?>
<map>
    <boolean name="burmese" value="false" />
    <boolean name="SYS_USER_DIC_IMPORTED" value="true" />
    <boolean name="PINYINVAGUE_N_R" value="false" />
    <int name="PRODUCT_TYPE" value="1" />
    <boolean name="FIRST_CHS_MORE" value="true" />
    <string name="LANGUAGE_JUST_INSTALLED"></string>
    <boolean name="urdu" value="false" />
    <int name="AUTO_REBUILD_NEXT_CHECK_TIME" value="28758425" />
    <boolean name="HAS_DOWNLOAD_LIMITATION" value="true" />
    <boolean name="KEYBOARD_SPLITTED_CATEGORY_SCREEN_ORIENTATION_2" value="true" />
    <long name="RECORD_TIME_STAMP_MISSIONSTATE_external_language_time_stamp" value="1725277814000" />
    <string name="CURRENT_SMILEY_CATEGORY_SMILEYCATEGORY_emotion">horizontal</string>
    <boolean name="PINYINVAGUE_F_H" value="false" />
    <boolean name="SMS_AUTO_LEARN" value="true" />
    <boolean name="APPLY_SYSTEM_VIBRATE" value="true" />
    <boolean name="FUNCTIONBAR" value="true" />
    <int name="KEYBOARD_SUBTYPE_P" value="2" />
    <boolean name="BIND_GOOGLE_SERVICE_FAILED" value="false" />
    <boolean name="LIKE_INCREASE_DRAWER_SKIN_STORE" value="false" />
    <boolean name="USER_DICT_REPORT_ENABLE" value="false" />
    <int name="BALLOON_TOAST_CHECK_TIME" value="28757646" />
    <boolean name="hindi" value="false" />
    <int name="LANGUAGE_SWITCHING_MODE" value="0" />
    <boolean name="LONG_PRESS_COMMA_TIP_SHOWN" value="true" />
    <boolean name="AUTO_ADJUST_WORD_PRIORITY" value="true" />
    <int name="TRAD_SIMP_CONVERT_STRATEGY" value="0" />
    <string name="REFERRER"></string>
    <boolean name="SELECT_CHINESE_LANGUAGE_CATEGORY_SELECT_CHINESE_LANGUAGE_chinese_zhuyin" value="false" />
    <int name="LAST_PRODUCT_TYPE" value="1" />
    <boolean name="BACKWARD_CORRECTION" value="true" />
    <int name="ADS_PLUGIN_NEXT_CHECK_TIME" value="28757646" />
    <long name="EXTRACT_ASSETS_COST" value="0" />
    <boolean name="PENDINGINPUT_FORWARD_PREDICTION_PENDINGINPUT_FORWARDPREDICTION_vietnam" value="true" />
    <int name="KEYBOARD_MARGIN_COMPLETEDICTIONARY_left" value="0" />
    <boolean name="PINYINVAGUE_L_R" value="false" />
    <boolean name="SELECT_CHINESE_LANGUAGE_CATEGORY_SELECT_CHINESE_LANGUAGE_chinese_stroke" value="false" />
    <boolean name="SHOW_LANG_FIRST_SETUP_DLG_LANGUAGE_english" value="false" />
    <int name="NEED_CHANGE_KEYBOARD_BG" value="1" />
    <int name="SOUND" value="0" />
    <int name="CANDIDATE_SIZE" value="0" />
    <boolean name="DRAWERLAYOUT_FIRST_COME_SHOW" value="false" />
    <string name="CELL_DICTIONARY_CELLDICT_spanish"></string>
    <boolean name="TOUCH_CORRECT" value="true" />
    <boolean name="CURVE_DOWNLOAD_PROMPTED" value="false" />
    <long name="FIRST_INSTALL_TIME" value="1546318900042" />
    <int name="NEXT_CONTACT_IMPORT_TIME" value="28767723" />
    <boolean name="SHOW_DOUBLE_CLICK_SHIFT_TIPS" value="false" />
    <string name="CELL_DICTIONARY_CELLDICT_dutch"></string>
    <boolean name="CURVE_ENABLED_UI" value="true" />
    <string name="CELL_DICTIONARY_CELLDICT_danish"></string>
    <int name="KEYBOARD_SUBTYPE_P_SUBTYPE_western" value="2" />
    <int name="SCREEN_ORIENTATION" value="1" />
    <boolean name="PINYINVAGUE_ENABLED" value="false" />
    <string name="CELL_DICTIONARY_CELLDICT_swedish"></string>
    <boolean name="LAST_CHECK_IMAGE_RESULT" value="true" />
    <boolean name="V4_USRDICT_IMPORTED" value="true" />
    <boolean name="JIANPIN_SENTENCE_ENABLED" value="true" />
    <boolean name="ONE_HANDED_BEFORE_SPLIT_KEYBOARD" value="true" />
    <boolean name="CONTACT_IMPORTED" value="true" />
    <int name="FIRST_INSTALL_VERSION" value="5774" />
    <int name="PACKAGE_TYPE" value="1" />
    <string name="CURRENT_LANGUAGE">english</string>
    <long name="SKIN_FIRST_INSTALLED_TIME" value="0" />
    <boolean name="WAVE_ENABLE" value="true" />
    <boolean name="WAVE_WITHOUT_NEXT_WORD_ON_CANDIDATE" value="true" />
    <boolean name="CURVE_ENV_WORD" value="true" />
    <boolean name="OPEN_PAOPAO_PANEL_FIRST" value="false" />
    <string name="MIX_LANGUAGE"></string>
    <boolean name="EMOJI_ENABLED" value="false" />
    <int name="PAOPAO_NEXT_QUERY_NEWS_TIME" value="0" />
    <string name="CURRENT_SMILEY_CATEGORY_SMILEYCATEGORY_emoticon_full">symbols</string>
    <boolean name="FIRST_SWITCH_LANGUAGE" value="false" />
    <int name="KEYBOARD_MARGIN_COMPLETEDICTIONARY_bottom" value="0" />
    <boolean name="french" value="false" />
    <boolean name="english" value="true" />
    <boolean name="HAS_ACTIVATE_EFFECTIVELY" value="true" />
    <long name="LAST_RECORD_OPEN_KEYBOARD_TIME" value="1725423434845" />
    <boolean name="FIRST_DEL_WIZARD" value="false" />
    <string name="CURRENT_LANG_BEFORE_UPDATE">englishus</string>
    <boolean name="FORWARD_PREDICTION" value="true" />
    <string name="PREUSED_LANGUAGE">englishgb</string>
    <boolean name="SHOW_YAHOO_SEARCH" value="false" />
    <boolean name="COMMIT_ANIMATION_ENABLED" value="false" />
    <string name="STATISTIC_DATA">english_qwerty_total 1544 english_qwerty_ocean 27 english_qwerty_oc_length 0#2#6#13#2#2#0#2#0#0#0#0#0#0#0#0#0#0#0#0#0#0#0#0#0#0#0#0#0#0#0#0#0#0#0#0#0#0#0#0#0#0#0#0#0#0#0#0#0#0#0#0#0#0#0#0#0#0#0#0#0#0#0#0 english_qwerty_oc_input 0#5#7#10#2#1#0#2#0#0#0#0#0#0#0#0#0#0#0#0#0#0#0#0#0#0#0#0#0#0#0#0#0#0#0#0#0#0#0#0#0#0#0#0#0#0#0#0#0#0#0#0#0#0#0#0#0#0#0#0#0#0#0#0 english_qwerty_oc_correct 27 english_qwerty_oc_correction_matrix_column2 10#3#6#1#2#0#14#1#6#0#0#4#2#9#13#0#0#1#3#1#2#0#0#0#3#0#0#0#0#0#0#0#0#0#0#0#0#0#0#0#0#0#0#0#0#0#0#0#0#0#0#0#0#0#0#0#0#0#0#0#0#0#0#0 english_qwerty_oc_mix 27 english_qwerty_oc_equal_length 22 vietnam_qwerty_total 10232 vietnam_qwerty_ocean 3225 vietnam_qwerty_oc_length 188#801#1219#764#188#41#3#0#3#2#0#0#0#0#0#0#1#0#0#0#0#0#0#0#15#0#0#0#0#0#0#0#0#0#0#0#0#0#0#0#0#0#0#0#0#0#0#0#0#0#0#0#0#0#0#0#0#0#0#0#0#0#0#0 vietnam_qwerty_oc_input 192#723#1185#805#242#37#8#5#6#2#1#0#0#0#0#0#0#0#0#0#0#0#0#0#0#0#0#0#0#0#0#0#0#0#0#0#0#0#0#0#0#0#0#0#0#0#0#0#0#0#0#0#0#0#0#0#0#0#0#0#0#0#0#0 vietnam_qwerty_oc_correct 3225 vietnam_qwerty_oc_mix 3223 vietnam_qwerty_oc_spell_check 174 vietnam_qwerty_oc_env_word 1035 vietnam_qwerty_oc_equal_length 2875 vietnam_qwerty_oc_associate 19 vietnam_qwerty_oc_sentence1 24 english_qwerty_oc_predict_length 0#2#0#0#0#0#0#0#0#0#0#0#0#0#0#0#0#0#0#0#0#0#0#0#0#0#0#0#0#0#0#0#0#0#0#0#0#0#0#0#0#0#0#0#0#0#0#0#0#0#0#0#0#0#0#0#0#0#0#0#0#0#0#0 vietnam_qwerty_curve 2 vietnam_qwerty_oc_touch_correct 30 english_qwerty_oc_correction_length 4#0#0#0#0#0#0#0#0#0#0#0#0#0#0#0#0#0#0#0#0#0#0#0#0#0#0#0#0#0#0#0#0#0#0#0#0#0#0#0#0#0#0#0#0#0#0#0#0#0#0#0#0#0#0#0#0#0#0#0#0#0#0#0 english_qwerty_oc_correction_matrix_column1 0#0#0#0#0#0#0#2#0#0#0#0#0#0#0#0#0#0#0#0#1#0#0#0#0#0#0#0#0#0#0#0#0#0#0#0#0#0#0#0#0#0#0#0#0#0#0#0#0#0#0#0#0#0#0#0#0#0#0#0#0#0#0#0 english_qwerty_oc_spell_check 4 english_qwerty_oc_env_word 4 vietnam_qwerty_oc_predict_length 3#3#0#1#0#1#0#0#0#0#0#0#0#0#0#0#0#0#0#0#0#0#0#0#0#0#0#0#0#0#0#0#0#0#0#0#0#0#0#0#0#0#0#0#0#0#0#0#0#0#0#0#0#0#0#0#0#0#0#0#0#0#0#0 vietnam_qwerty_oc_userword 3 vietnam_qwertz_total 8085 vietnam_qwertz_ocean 1126 vietnam_qwertz_oc_length 70#267#406#268#82#22#2#2#0#0#0#0#0#0#0#0#0#0#0#0#0#0#0#0#7#0#0#0#0#0#0#0#0#0#0#0#0#0#0#0#0#0#0#0#0#0#0#0#0#0#0#0#0#0#0#0#0#0#0#0#0#0#0#0 vietnam_qwertz_oc_input 72#237#377#285#94#17#2#3#3#0#0#0#0#0#1#0#0#0#0#0#0#0#0#0#0#0#0#0#0#0#0#0#0#0#0#0#0#0#0#0#0#0#0#0#0#0#0#0#0#0#0#0#0#0#0#0#0#0#0#0#0#0#0#0 vietnam_qwertz_oc_correct 1126 vietnam_qwertz_oc_mix 1124 vietnam_qwertz_oc_spell_check 108 vietnam_qwertz_oc_env_word 678 vietnam_qwertz_oc_equal_length 954 vietnam_qwertz_oc_touch_correct 4 vietnam_qwertz_oc_associate 35 vietnam_qwertz_oc_sentence1 36 vietnam_qwertz_curve 7 vietnam_qwertz_oc_predict_length 1#2#0#0#0#0#0#0#0#0#0#0#0#0#0#0#0#0#0#0#0#0#0#0#0#0#0#0#0#0#0#0#0#0#0#0#0#0#0#0#0#0#0#0#0#0#0#0#0#0#0#0#0#0#0#0#0#0#0#0#0#0#0#0 english_qwerty_oc_correction_matrix_column3 0#0#0#0#0#0#0#0#0#0#0#0#0#1#0#0#0#0#0#0#0#0#0#0#0#0#0#0#0#0#0#0#0#0#0#0#0#0#0#0#0#0#0#0#0#0#0#0#0#0#0#0#0#0#0#0#0#0#0#0#0#0#0#0 englishgb_qwerty_total 485 englishgb_qwerty_ocean 2 englishgb_qwerty_oc_length 0#0#0#1#0#1#0#0#0#0#0#0#0#0#0#0#0#0#0#0#0#0#0#0#0#0#0#0#0#0#0#0#0#0#0#0#0#0#0#0#0#0#0#0#0#0#0#0#0#0#0#0#0#0#0#0#0#0#0#0#0#0#0#0 englishgb_qwerty_oc_input 0#0#0#1#0#1#0#0#0#0#0#0#0#0#0#0#0#0#0#0#0#0#0#0#0#0#0#0#0#0#0#0#0#0#0#0#0#0#0#0#0#0#0#0#0#0#0#0#0#0#0#0#0#0#0#0#0#0#0#0#0#0#0#0 englishgb_qwerty_oc_correct 2 englishgb_qwerty_oc_mix 2 englishgb_qwerty_oc_equal_length 2 </string>
    <boolean name="kazakh" value="false" />
    <string name="MOBIL_IDENTIFY_INFORMATION_CATEGORY_MOBILE_IDENTIFY_INFORMATION_android_id">6f0bfc17eb7762ff</string>
    <boolean name="SHOW_CONTINUE_TO_ACTIVE_NOTIFICATION" value="false" />
    <boolean name="SHOW_LANGPACKS_ADDON" value="true" />
    <string name="ACTIVATE_IDENTIFIER">02:00:00:00:00:00##6f0bfc17eb7762ff</string>
    <boolean name="SHOW_WAVE_TUTORIAL_DIALOG" value="false" />
    <boolean name="WUBI_AUTO_ADJUST_TIP_OCCURED" value="false" />
    <boolean name="FIRST_REQUEST_PERMISSION" value="false" />
    <boolean name="AUTO_SAVE_USERWORD" value="true" />
    <int name="LANGUAGE_USED_TIMES_LANGUAGE_english" value="1811" />
    <boolean name="FIRST_START_KEYBOARD" value="false" />
    <string name="CELL_DICTIONARY_CELLDICT_chinese"></string>
    <boolean name="SHOW_SWITCH_LANGUAGE_TIP" value="false" />
    <boolean name="UPDATE_OEM" value="false" />
    <boolean name="NEED_CHECK_IMPORTED_DATA" value="false" />
    <boolean name="SELECT_CHINESE_LANGUAGE_CATEGORY_SELECT_CHINESE_LANGUAGE_chinese_pinyin" value="false" />
    <string name="CURRENT_LANGUAGE_CATEGORY_INPUT_TYPE_normal">vietnam</string>
    <boolean name="PINYINVAGUE_IAN_IANG" value="false" />
    <int name="SYMBOL_KEYBOARD_LAYOUT" value="2" />
    <string name="RECENT_LOACALE">vi_VN</string>
    <boolean name="WUBI_DISPLAYCODE" value="true" />
    <long name="LAST_ACTIVATED_TIME_IN_MILLIS" value="1725433130214" />
    <boolean name="PINYINVAGUE_UAN_UANG" value="false" />
    <string name="CELL_DICTIONARY_CELLDICT_italian"></string>
    <boolean name="tamil" value="false" />
    <boolean name="FIRST_START_INPUTMETHOD" value="false" />
    <boolean name="DISPLAY_EMOJI_BY_SYSTEM" value="true" />
    <boolean name="FIRST_REQUEST_PERMISSION_CATEGORY_FIRST_REQUEST_PERMISSION_android.permission.READ_PHONE_STATE" value="true" />
    <int name="STATE_USAGE_CHECK_NEXT_TIME" value="28757872" />
    <boolean name="ENV_WORD" value="false" />
    <boolean name="FIRST_REQUEST_PERMISSION_CATEGORY_FIRST_REQUEST_PERMISSION_android.permission.READ_SMS" value="true" />
    <boolean name="USERDATA_COLLECT_ENABLE" value="true" />
    <int name="KEYBOARD_LAYOUT_LAYOUT_vietnam" value="3" />
    <string name="USER_DIC_MD5_USER_DICT_western">a1027350b18680427a99f7b96d20d6b5</string>
    <boolean name="PLUGIN_PINNED_CATEGORY_PLUGIN_PINNED_MORE_SKIN" value="true" />
    <long name="LAST_RECORD_USER_PATTERN_TIME" value="1725423482734" />
    <boolean name="thai" value="false" />
    <string name="ACCOUNT_INFO"></string>
    <boolean name="AUTO_ADJUST_SPECIAL_KEYBOARD_SIZE" value="false" />
    <int name="LAST_ACTIVE_STAT_TIME" value="1725423436" />
    <boolean name="chinese_zhuyin" value="false" />
    <string name="CELL_DICTIONARY_CELLDICT_polish"></string>
    <boolean name="ENABLE_YAHOO_SEARCH" value="true" />
    <string name="CUSTOM_SKIN_COLOR_SET">SKIN_COLOR_SET_BLACK</string>
    <int name="CURRENT_DICTIONARY_TIMESTAMP" value="20150701" />
    <boolean name="PINYINVAGUE_L_N" value="false" />
    <boolean name="FIRST_LANGUAGE_LAYOUT_LANGUAGE_englishgb" value="false" />
    <int name="CLOUD_SERVICE_SYNC_NEXT_TIME" value="28757526" />
    <int name="AUTO_BACKUP_DICTIONARY_TIME" value="28757768" />
    <boolean name="PINYINVAGUE_C_CH" value="false" />
    <boolean name="MIXLANGUAGE_INPUT" value="false" />
    <boolean name="laotian" value="false" />
    <boolean name="SHOW_WAVE_TIP_SLIDE_DOWN" value="false" />
    <boolean name="ADAPTIVE_LEARNING_ADTLEARNING_western" value="false" />
    <boolean name="SPACE_GET_NEXTWORD" value="false" />
    <boolean name="ERROR_PRONUNCIATION" value="true" />
    <boolean name="vietnam" value="true" />
    <string name="EMOJI_RECENT_RECODE">[{"tag":"u1f51c","time":1720853442139},{"tag":"u1f51b","time":1720853442140},{"tag":"u1f519","time":1720853442140},{"tag":"u1f51d","time":1720853442140},{"tag":"u1f3e3","time":1720853442140},{"tag":"u1f3e2","time":1720853442140},{"tag":"u1f3e1","time":1720853442140},{"tag":"u1f3e0","time":1720853442140},{"tag":"u1f45f","time":1720853442140},{"tag":"u1f45e","time":1720853442140},{"tag":"u1f484","time":1720853442140},{"tag":"u1f530","time":1720853442140},{"tag":"u1f42d","time":1720853442140},{"tag":"u1f431","time":1720853442140},{"tag":"u1f429","time":1720853442140},{"tag":"u1f436","time":1720853442140},{"tag":"u1f603","time":1720853442140},{"tag":"u1f602","time":1720853442140},{"tag":"u1f601","time":1720853442140},{"tag":"u1f60a","time":1720853442140}]</string>
    <boolean name="PLUGIN_PINNED_CATEGORY_PLUGIN_PINNED_PLUGIN_MORE" value="false" />
    <boolean name="TOUCH_TO_SAVE_TIP_OCCURED" value="true" />
    <int name="MISTYPING_CORRECTION" value="4" />
    <boolean name="CLOUD_SERVICE_WIFI_ONLY" value="true" />
    <int name="GOODS_CHECK_NEXT_TIME" value="0" />
    <int name="CUSTOM_SKIN_ALPHA" value="255" />
    <int name="SMS_NEXT_IMPORT_TIME" value="28762251" />
    <boolean name="CLOUD_BACKUP_SYNC" value="true" />
    <boolean name="nepalitrad" value="false" />
    <string name="MOBIL_IDENTIFY_INFORMATION_CATEGORY_MOBILE_IDENTIFY_INFORMATION_macaddress">02:00:00:00:00:00</string>
    <boolean name="PINYINVAGUE_AN_ANG" value="false" />
    <string name="CELL_DICTIONARY_CELLDICT_english"></string>
    <boolean name="DOWNSLIDE_SYMBOLS" value="true" />
    <int name="PORTRAIT_KEYBOARD_SIZE" value="0" />
    <boolean name="DICTIONARY_COMPLETE" value="true" />
    <boolean name="telugu" value="false" />
    <boolean name="FIRST_KEYBOARD_SHOWN_OPEN_DRAWER" value="false" />
    <boolean name="WUBI_COMMITWHENUNIQUE" value="false" />
    <int name="KEYBOARD_HEIGHT_NORMAL_P" value="392" />
    <boolean name="STATISTIC_ENABLED" value="true" />
    <long name="STORE_UPDATE_TIMESTAMP_SKIN" value="0" />
    <int name="CURRENT_EMOJI_INPUT_TYPE" value="1" />
    <int name="LANDSCAPE_SCREEN_MODE" value="1" />
    <boolean name="COLORFUL_EMOJI_BUTTON_SHOW" value="true" />
    <boolean name="englishus" value="true" />
    <boolean name="RATE_US_BUTTON_CLICKED" value="true" />
    <boolean name="CURVE_IN_TIME" value="true" />
    <boolean name="ACCESSIBILITY_ENABLED" value="true" />
    <boolean name="KEYBOARD_NUMBER_ROW_STYLE" value="true" />
    <int name="SPELL_CHECK" value="3" />
    <boolean name="CLOUD_ENABLED" value="true" />
    <long name="GUIDE_POINT_CLEAN_TIMESTAMP_CATEGORY_GUIDE_POINT_MORE_SKIN" value="0" />
    <long name="ADS_PLUGIN_LAST_UPDATE_SUCCESS_TIME" value="0" />
    <int name="VIP_RENEW_REMINDER" value="1" />
    <boolean name="FIRST_LANGUAGE_LAYOUT_LANGUAGE_vietnam" value="false" />
    <boolean name="SHOW_LANG_FIRST_SETUP_DLG_LANGUAGE_vietnam" value="false" />
    <boolean name="KEYBOARD_SPLITTED_CATEGORY_SCREEN_ORIENTATION_1" value="false" />
    <boolean name="UPDATE_LIVE_WORDS" value="true" />
    <boolean name="PINYINVAGUE_IN_ING" value="false" />
    <boolean name="indonesian" value="false" />
    <boolean name="WUBI_Z_MODE_PROMPTED" value="true" />
    <boolean name="SUPER_DICT_ENABLED_UI" value="false" />
    <boolean name="REFERRER_UPLOADED" value="false" />
    <boolean name="PINYINVAGUE_EN_ENG" value="false" />
    <string name="CELL_DICTIONARY_CELLDICT_portuguese_br"></string>
    <int name="KEYBOARD_LAYOUT" value="1" />
    <int name="KEYBOARD_SUBTYPE_L" value="2" />
    <string name="ALREADY_OWN_PKGS_DOWNLOADLIMITATION_DOWNLOAD_SKIN">com.cootek.smartinputv5.skin.defaultwhite/com.cootek.smartinputv5.skin.droid/com.cootek.smartinputv5.skin.theme_free_neonblue/com.cootek.smartinputv5.skin.customise/</string>
    <boolean name="SHOW_INSTALL_INCOMPATIBLE_LANGUAGE" value="false" />
    <int name="PAOPAO_LAST_NEWS_ID" value="0" />
    <boolean name="khmer" value="false" />
    <int name="SHUANGPIN_CONFIG" value="1" />
    <string name="SERVER_USER_TOKEN">91369a62-b9a5-4f96-be0b-41dc431adf6f</string>
    <boolean name="ENABLE_ONLY_FIRST_ROW_ALT_SLIDE_INPUT" value="true" />
    <string name="CELL_DICTIONARY_CELLDICT_russian"></string>
    <string name="CURRENT_SMILEY_CATEGORY_SMILEYCATEGORY_recent">recent</string>
    <boolean name="GUIDE_POINT_SHOW_MORE_SKIN" value="false" />
    <string name="CELL_DICTIONARY_CELLDICT_french"></string>
    <boolean name="AUTO_GUIDE_POINT_SKIN_ENABLE" value="true" />
    <long name="GUIDE_POINT_CLEAN_TIMESTAMP_CATEGORY_GUIDE_POINT_LOGO_FUNC_BAR" value="0" />
    <int name="PAOPAO_NEXT_QUERY_UPDATE_TIME" value="0" />
    <int name="LAST_ACTIVATION_SUCCESS_TIME" value="1720853440" />
    <boolean name="WESTERN_SENTENCE_ENABLED" value="true" />
    <string name="CELL_DICTIONARY_CELLDICT_portuguese_pt"></string>
    <int name="VIBRATE_TIME" value="0" />
    <boolean name="GUIDE_POINT_SHOW_LOGO_FUNC_BAR" value="false" />
    <boolean name="russian" value="false" />
    <boolean name="spanish" value="false" />
    <boolean name="swahili" value="false" />
    <string name="CELL_DICTIONARY_CELLDICT_turkish"></string>
    <string name="MIX_LANGUAGE_MIXINPUT_english"></string>
    <int name="SLIDE_INPUT_TIP_STATE" value="2" />
    <boolean name="PIN_MODE_ENTERED" value="true" />
    <boolean name="WUBI_BIGCHARSET" value="false" />
    <int name="LAST_ACTIVATE_CONSUME_TIME" value="299" />
    <boolean name="PENDINGINPUT_FORWARD_PREDICTION" value="false" />
    <boolean name="PINYINVAGUE_S_SH" value="false" />
    <string name="LBS_NOTIFIED_LOCATION"></string>
    <boolean name="bengali" value="false" />
    <boolean name="BUILDIN_SKIN_UPDATE_CHECKED" value="false" />
    <int name="KEYBOARD_HEIGHT_NORMAL_L" value="276" />
    <int name="OPTION_PAGE_OPEN_TIMES" value="21" />
    <boolean name="CLIPBOARD_NOTIFICATION_SHOWN" value="true" />
    <string name="CELL_DICTIONARY_CELLDICT_finnish"></string>
    <boolean name="sinhala" value="false" />
    <boolean name="chinese_stroke" value="false" />
    <int name="CURRENT_PERFORMANCE_MODE" value="3" />
    <int name="PERF_DATA_NEXT_CHECK_TIME" value="28758964" />
    <boolean name="SUPPORT_AUTO_CHANGE_TITLE_CASE" value="true" />
    <boolean name="IS_FIRST_KEYBOARD_SHOW" value="false" />
    <boolean name="ANIMATION_EFFECT" value="true" />
    <boolean name="ADVANCED_VIBRATION" value="true" />
    <boolean name="arabic" value="false" />
    <boolean name="HAS_EMOJI_FONT" value="true" />
    <int name="PREVIEW_LEVEL" value="1" />
    <boolean name="CURVE_ENABLED" value="true" />
    <int name="DICTIONARY_UPDATE_INTERVAL" value="30" />
    <long name="IME_CUR_VERSION_INSTALL_TIME" value="1546318900041" />
    <boolean name="USER_DICT_CHECK_STRICT_MODE" value="false" />
    <int name="FIRST_START_TIME" value="1720853438" />
    <boolean name="IS_SMARTINPUT_ACTIVATED" value="true" />
    <boolean name="AUTO_CORRECTION" value="true" />
    <string name="CURRENT_SMILEY_TAB">recent</string>
    <long name="RECORD_TIME_STAMP_MISSIONSTATE_usage_tag_0" value="1725172876310" />
    <boolean name="LOCAL_CLOUD_SEARCH_ENABLED" value="false" />
    <boolean name="WORD_PREDICTION" value="true" />
    <boolean name="DEFUALT_SKIN_UPDATED" value="true" />
    <boolean name="SHOW_WRONG_UPDATE_DIALOG" value="true" />
    <boolean name="SHOW_CANDIDATE_ON_STARTINPUT" value="false" />
    <string name="USER_DIC_MD5"></string>
    <boolean name="BACKSPACE_TO_REPLACE_INLINE" value="false" />
    <int name="SPACE_LONG_PRESS_TIP_STATE" value="2" />
    <string name="STATISTIC_USAGE_CONFIG"></string>
    <boolean name="INVITE_SUCCEED" value="true" />
    <string name="ADVERTISE_STRATEGY"></string>
    <boolean name="PERMISSION_CONTACT_NOTIFICATION_SHOWN" value="true" />
    <boolean name="SURFACE_SLIP" value="false" />
    <int name="RECOMMEND_VERSION_CODE" value="0" />
    <boolean name="PLUGIN_PINNED_CATEGORY_PLUGIN_PINNED_PLUGIN_LANGUAGE" value="false" />
    <boolean name="malayan" value="false" />
    <string name="CURRENT_LANGUAGE_CATEGORY_INPUT_TYPE_special">english</string>
    <string name="SKIN">com.emoji.keyboard.touchpal</string>
    <int name="EMOJI_VERSION" value="1" />
    <string name="CURRENT_SMILEY_CATEGORY_SMILEYCATEGORY_emojiArt">emoji_art_holiday</string>
    <boolean name="FIRST_ENTER_SHOP" value="false" />
    <int name="DOMAIN_LOOKUP_NEXT_CHECK_TIME" value="28758071" />
    <boolean name="englishgb" value="true" />
    <string name="PRE_LOCALE_LANGUAGE">englishus</string>
    <long name="NEXT_CHECK_REFERRER_UPLOADED_TIME" value="1725433195979" />
    <boolean name="DIAGNOSE_MODE_ENABLED" value="true" />
    <boolean name="FIRST_SHOW_KEYBOARD" value="false" />
    <boolean name="SHOW_EMOJI_IN_APP_TIP" value="false" />
    <int name="KEYBOARD_SUBTYPE_L_SUBTYPE_western" value="2" />
    <int name="KEYBOARD_HEIGHT_NORMAL" value="-1" />
    <string name="IFLY_VOICE_CHOSEN_LANGUAGE"></string>
    <string name="RECOMMEND_CHANNEL_CODE">OEM 014 ABN 003</string>
    <boolean name="FORBID_SIMPLE_CANDIDATE_STYLE" value="false" />
    <long name="APPSFLYER_NEXT_ACTIVE_TIME" value="1725463185527" />
    <boolean name="PLUGIN_PINNED" value="false" />
    <int name="CLOKE_ENABLE_MODE" value="0" />
    <string name="PREUSED_LANG_BEFORE_UPDATE">english</string>
    <string name="MIX_LANGUAGE_MIXINPUT_englishgb">turkish</string>
    <boolean name="PLUGIN_PINNED_CATEGORY_PLUGIN_PINNED_PLUGIN_EDIT" value="false" />
    <string name="MOBIL_IDENTIFY_INFORMATION_CATEGORY_MOBILE_IDENTIFY_INFORMATION_imei">869686032889954</string>
    <boolean name="PINYINVAGUE_Z_ZH" value="false" />
    <string name="ALREADY_OWN_PKGS_DOWNLOADLIMITATION_DOWNLOAD_LANGUAGE">cootek.smartinput.android.language.english/cootek.smartinput.android.language.englishgb/cootek.smartinput.android.language.pinyin/cootek.smartinput.android.language.pinyin/cootek.smartinput.android.language.zhuyin/cootek.smartinput.android.language.arabic/cootek.smartinput.android.language.bengali/cootek.smartinput.android.language.burmese/cootek.smartinput.android.language.french/cootek.smartinput.android.language.hindi/cootek.smartinput.android.language.indonesian/cootek.smartinput.android.language.kazakh/cootek.smartinput.android.language.khmer/cootek.smartinput.android.language.laotian/cootek.smartinput.android.language.malayan/cootek.smartinput.android.language.nepalitrad/cootek.smartinput.android.language.persian/cootek.smartinput.android.language.russian/cootek.smartinput.android.language.sinhala/cootek.smartinput.android.language.spanish/cootek.smartinput.android.language.swahili/cootek.smartinput.android.language.tagalog/cootek.smartinput.android.language.tamil/cootek.smartinput.android.language.telugu/cootek.smartinput.android.language.thai/cootek.smartinput.android.language.turkish/cootek.smartinput.android.language.urdu/cootek.smartinput.android.language.vietnam/cootek.smartinput.android.language.zawgyi/</string>
    <string name="MOBIL_IDENTIFY_INFORMATION_CATEGORY_MOBILE_IDENTIFY_INFORMATION_uuid">59964366-a08b-40ff-bada-18a3982c5479</string>
    <int name="STORE_PAGE_OPEN_TIMES" value="1" />
    <boolean name="AUTO_CAPITALIZATION" value="false" />
    <int name="LONG_PRESS_DELAY" value="200" />
    <long name="RECORD_TIME_STAMP_MISSIONSTATE_emoji_plugin_packs_timestamp" value="1725277814000" />
    <boolean name="DRAWER_GUIDE_POINT_SHOWED_CATEGORY_DRAWER_GUIDE_POINT_MORE_SKIN" value="true" />
    <boolean name="persian" value="false" />
    <int name="MANUALLY_ENTER_HANDWRITE_MASK_TIMES" value="0" />
    <int name="KEYBOARD_LAYOUT_LAYOUT_englishgb" value="3" />
    <string name="CELL_DICTIONARY_CELLDICT_german"></string>
    <boolean name="EMOJI_PREDICTION" value="false" />
    <string name="MIX_LANGUAGE_MIXINPUT_chinese_pinyin">english</string>
    <int name="ACCOUNT_CHECK_NEXT_TIME" value="28760490" />
    <boolean name="DYNAMIC_SPELL_CHECK_ENABLE" value="true" />
    <boolean name="AUTO_REBUILD_ENABLED" value="false" />
    <boolean name="APPLY_SYSTEM_VOLUME" value="false" />
    <boolean name="turkish" value="false" />
    <boolean name="zawgyi" value="false" />
    <boolean name="tagalog" value="false" />
    <string name="PRE_LOCALE">en_US</string>
    <long name="NEXT_STATISTIC_WORD_PREDIC_STATUS_TIME" value="1725466344852" />
    <boolean name="AUTOSPACE_ENABLE" value="true" />
    <int name="OCEAN_LANGUAGE_STATUS" value="0" />
    <boolean name="INPUT_SPEED_BAR" value="false" />
    <string name="CELL_DICTIONARY"></string>
    <boolean name="CURVE_BACKWARD_CORRECTION" value="true" />
    <int name="ANDROID_VERSION" value="25" />
    <int name="DEVICE_TYPE" value="1" />
    <long name="LAST_AUTO_UPDATE_TIMESTAMP" value="1725433221453" />
    <string name="CURRENT_CHANNEL_CODE">OEM 014 ABN 003</string>
    <int name="VIP_RENEW_CHECK_NEXT_TIME" value="28758003" />
    <boolean name="AUTO_MERGING_WORD" value="false" />
    <boolean name="SHOW_PROMOTE_PINYIN_ADDONS" value="true" />
    <int name="CUSTOM_SKIN_SET_NUMBER" value="0" />
    <int name="MAX_CACHEINPUTSIZE" value="5" />
    <long name="USER_DIC_CURRENT_VERSION_USER_DICT_western" value="1725432955" />
    <boolean name="chinese_pinyin" value="false" />
    <int name="LANGUAGE_USED_TIMES_LANGUAGE_englishgb" value="827" />
    <int name="UI_MULTITHREADING_OPTIMIZE" value="-11" />
    <int name="LANGUAGE_USED_TIMES_LANGUAGE_vietnam" value="17611" />
    <boolean name="PREDICT_NEXT_WORD_NEXTWORD_western" value="false" />
    <int name="HANDWRITE_RECOG_RANGE_RECOGRANGE_chinese_pinyin" value="261903" />
    <long name="RECORD_TIME_STAMP_MISSIONSTATE_usage_tag_2" value="1725172876544" />
    <boolean name="SHOW_LANG_FIRST_SETUP_DLG_LANGUAGE_englishgb" value="false" />
    <int name="KEYBOARD_LAYOUT_LAYOUT_english" value="1" />
    <boolean name="FIRST_REQUEST_PERMISSION_CATEGORY_FIRST_REQUEST_PERMISSION_android.permission.WRITE_EXTERNAL_STORAGE" value="false" />
    <boolean name="SMS_ONLY_IMPORT_OUTGOING" value="true" />
    <boolean name="ONCE_CLEAR_CONTACT" value="false" />
    <boolean name="FIRST_REQUEST_PERMISSION_CATEGORY_FIRST_REQUEST_PERMISSION_android.permission.READ_CONTACTS" value="false" />
    <boolean name="KEYBOARD_SPLITTED" value="false" />
    <boolean name="PERMISSION_REQUEST_DIALOG_SHOWN" value="true" />
    <boolean name="USE_SYSTEM_DEFAULT_FONT" value="true" />
    <int name="IME_LAST_VERSION" value="0" />
    <int name="KEYBOARD_MARGIN_COMPLETEDICTIONARY_right" value="130" />
    <boolean name="TOTALLY_NEW_PACK" value="true" />
    <string name="FUNCTIONBAR_SETTINGS">voice:true/edit:true/hw_mask:true/twitter:true/sina_weibo:true/message_pal:false/dialer:false/typing_race:false/url_navigator:false/quick_switcher:false</string>
    <int name="LAST_NOTIFY_UPDATE" value="0" />
    <boolean name="IMPORT_SYS_USER_DIC_ENABLE" value="true" />
    <boolean name="ARCTIC_CLOUD_INPUT_ENABLE" value="false" />
    <boolean name="CURVE_PREDICTION" value="false" />
    <boolean name="AUTO_ADJUST_SPECIAL_KEYBOARD_SIZE_TOAST" value="false" />
    <int name="IME_CUR_VERSION" value="5774" />
    <boolean name="ONE_HANDED_LAYOUT" value="true" />
    <boolean name="EMOJI_SHAKE_SHOWN" value="true" />
</map>